rank,gene,week2_score,p_sm,p_ab,nearest_drug_targets,final
1,PECAM1,0.9392,0.0214,0.8831,CD2 (0.96); IL12B (0.96); LAMA4 (0.95),0.88
2,HLA-DRB1,0.9552,0.0142,0.2686,SIGLEC8 (0.87); IFNA10 (0.86); PTGDS (0.85),0.8
3,HLA-DRA,0.9574,0.0095,0.1841,SEMA4D (0.92); GRIK3 (0.92); CA12 (0.91),0.7867
4,ITGAX,0.912,0.2136,0.5896,ITGA2B (0.98); CSF1R (0.96); SEMA4D (0.95),0.7467
5,APOC1,0.9495,0.0006,0.2526,IFNA5 (0.86); SCTR (0.85); SLC34A2 (0.85),0.7333
6,APLNR,0.9022,0.6753,0.0347,AGTR2 (0.96); GHSR (0.95); S1PR2 (0.94),0.6133
7,NRXN3,0.9036,0.4401,0.1217,SDC4 (0.94); KCNB1 (0.93); RELA (0.92),0.5733
8,MTSS2,0.9133,0.1172,0.0095,PDE4D (0.94); KCNQ4 (0.93); PDE4C (0.93),0.5467
9,GMPR,0.9099,0.1719,0.0004,EEF2 (0.95); PSMA5 (0.93); RPL11 (0.93),0.52
10,SHANK2,0.8987,0.3334,0.0004,E2F7 (0.97); MAP3K13 (0.96); KCNQ3 (0.95),0.4267
11,MOG,0.8963,0.0023,0.5038,PDCD1LG2 (0.93); TIGIT (0.92); IFNGR2 (0.91),0.4
12,RPH3A,0.9045,0.0915,1e-04,CACNB3 (0.93); PDE4D (0.93); CACNB2 (0.92),0.4
13,APOE,0.9016,0.002,0.0145,MADCAM1 (0.86); TNFSF14 (0.85); IL11RA (0.84),0.2533
14,APOB,0.8966,0.1495,0.1043,AFP (0.97); LAMA4 (0.95); IFNAR2 (0.95),0.2533
15,PLEC,0.8945,0.0133,0.0008,LAMB2 (0.89); EPHA10 (0.87); EPHA1 (0.86),0.0667
